{
	"info": {
		"_postman_id": "eb14770a-c040-4759-87f9-4cb1952f50da",
		"name": "API Layer",
		"schema": "https://schema.getpostman.com/json/collection/v2.0.0/collection.json"
	},
	"item": [
		{
			"name": "v1",
			"item": [
				{
					"name": "new",
					"id": "604e2719-37a7-4923-91eb-61a9b6c50b36",
					"protocolProfileBehavior": {
						"disableBodyPruning": true
					},
					"request": {
						"method": "POST",
						"header": [],
						"body": {
							"mode": "raw",
							"raw": "{\r\n    \"tenant_id\": {{tenant_id}},\r\n    \"audios\": [\r\n        {\r\n\t\t    \"source\": \"/mnt/test/source/01_123456789.wav\",\r\n\t\t    \"duration\": 60,\r\n\t\t    \"metadata\": \"{\\\"my_metadata_01\\\"}\" \r\n\t},\r\n\t{\r\n\t\t\"source\": \"/mnt/test/source/02_123456789.wav\",\r\n\t\t\"duration\": 98,\r\n\t\t\"metadata\": \"{\\\"my_metadata_02\\\"}\"\r\n\t},\r\n\t{\r\n\t\t\"source\": \"/mnt/test/source/03_123456789.wav\",\r\n\t\t\"duration\": 98,\r\n\t\t\"metadata\": \"{\\\"my_metadata_02\\\"}\"\r\n\t},\r\n\t{\r\n\t\t\"source\": \"/mnt/test/source/04_123456789.wav\",\r\n\t\t\"duration\": 98,\r\n\t\t\"metadata\": \"{\\\"my_metadata_02\\\"}\"\r\n\t},\r\n\t{\r\n\t\t\"source\": \"/mnt/test/source/05_123456789.wav\",\r\n\t\t\"duration\": 98,\r\n\t\t\"metadata\": \"{\\\"my_metadata_02\\\"}\"\r\n\t}\r\n\t    \r\n    ]\r\n}",
							"options": {
								"raw": {
									"language": "json"
								}
							}
						},
						"url": "{{host}}/ingestor/v1/new"
					},
					"response": []
				},
				{
					"name": "new",
					"id": "f87c3311-c030-4b46-9e13-98fd565e38d8",
					"protocolProfileBehavior": {
						"disableBodyPruning": true
					},
					"request": {
						"method": "PATCH",
						"header": [],
						"body": {
							"mode": "raw",
							"raw": "{\r\n    \"tenant_id\": {{tenant_id}},\r\n    \"job_id\": {{job_id}},\r\n    \"audios\": [\r\n        {\r\n\t\t    \"source\": \"/mnt/test/source/01_123456789.wav\",\r\n\t\t    \"duration\": 60,\r\n\t\t    \"metadata\": \"{\\\"my_metadata_01\\\"}\"\r\n\t},\r\n\t{\r\n\t\t\"source\": \"/mnt/test/source/02_123456789.wav\",\r\n\t\t\"duration\": 98,\r\n\t\t\"metadata\": \"{\\\"my_metadata_02\\\"}\"\r\n\t}\r\n\t    \r\n    ]\r\n}",
							"options": {
								"raw": {
									"language": "json"
								}
							}
						},
						"url": "{{host}}/ingestor/v1/new"
					},
					"response": []
				},
				{
					"name": "job",
					"id": "cd9eb33f-f535-4acb-a0ef-812195f065af",
					"protocolProfileBehavior": {
						"disableBodyPruning": true
					},
					"request": {
						"method": "GET",
						"header": [],
						"body": {
							"mode": "raw",
							"raw": "{\r\n    \"tenant_id\": {{tenant_id}},\r\n    \"limit\": 3\r\n    }",
							"options": {
								"raw": {
									"language": "json"
								}
							}
						},
						"url": "{{host}}/ingestor/v1/job"
					},
					"response": []
				},
				{
					"name": "metadata",
					"id": "931861bf-a5bd-40da-ad3e-cba451938df9",
					"protocolProfileBehavior": {
						"disableBodyPruning": true
					},
					"request": {
						"method": "GET",
						"header": [],
						"body": {
							"mode": "raw",
							"raw": "{\r\n    \"tenant_id\": {{tenant_id}},\r\n    \"file_id\": {{file_id}}\r\n    }",
							"options": {
								"raw": {
									"language": "json"
								}
							}
						},
						"url": "{{host}}/ingestor/v1/metadata"
					},
					"response": []
				},
				{
					"name": "configuration",
					"id": "b44360cf-ad96-47cf-be4e-80751079f71c",
					"protocolProfileBehavior": {
						"disableBodyPruning": true
					},
					"request": {
						"method": "GET",
						"header": [],
						"body": {
							"mode": "raw",
							"raw": "{\r\n    \"tenant_id\": {{tenant_id}}\r\n    }",
							"options": {
								"raw": {
									"language": "json"
								}
							}
						},
						"url": "{{host}}/ingestor/v1/configuration"
					},
					"response": []
				},
				{
					"name": "input / state",
					"id": "949af2fd-1e1d-4b0b-a7d2-493f1b35065d",
					"protocolProfileBehavior": {
						"disableBodyPruning": true
					},
					"request": {
						"method": "PATCH",
						"header": [],
						"body": {
							"mode": "raw",
							"raw": "{\r\n    \"tenant_id\": {{tenant_id}},\r\n    \"file_id\": {{file_id}},\r\n    \"state\" : {{state}}\r\n    }",
							"options": {
								"raw": {
									"language": "json"
								}
							}
						},
						"url": "{{host}}/ingestor/v1/input/state"
					},
					"response": []
				},
				{
					"name": "converter / state",
					"id": "0efb67c4-af9f-4557-b1df-cec446e40451",
					"protocolProfileBehavior": {
						"disableBodyPruning": true
					},
					"request": {
						"method": "PATCH",
						"header": [],
						"body": {
							"mode": "raw",
							"raw": "{\r\n    \"tenant_id\": {{tenant_id}},\r\n    \"file_id\": {{file_id}},\r\n    \"state\" : {{state}}\r\n    }",
							"options": {
								"raw": {
									"language": "json"
								}
							}
						},
						"url": "{{host}}/ingestor/v1/converter/state"
					},
					"response": []
				},
				{
					"name": "converter / newfiles",
					"id": "9c61ec13-01d2-45c2-b902-757162e59261",
					"protocolProfileBehavior": {
						"disableBodyPruning": true
					},
					"request": {
						"method": "GET",
						"header": [],
						"body": {
							"mode": "raw",
							"raw": "{\r\n    \"tenant_id\": {{tenant_id}}\r\n    }",
							"options": {
								"raw": {
									"language": "json"
								}
							}
						},
						"url": "{{host}}/ingestor/v1/converter/newfiles"
					},
					"response": []
				},
				{
					"name": "zipper / state",
					"id": "19d8697a-2e41-435b-b77e-f6e3a101a0cd",
					"protocolProfileBehavior": {
						"disableBodyPruning": true
					},
					"request": {
						"method": "PATCH",
						"header": [],
						"body": {
							"mode": "raw",
							"raw": "{\r\n    \"tenant_id\": {{tenant_id}},\r\n    \"file_id\": {{file_id}},\r\n    \"state\" : {{state}}\r\n    }",
							"options": {
								"raw": {
									"language": "json"
								}
							}
						},
						"url": "{{host}}/ingestor/v1/zipper/state"
					},
					"response": []
				},
				{
					"name": "zipper / newfiles",
					"id": "f807441f-5413-401f-831e-cbebcc41ae1d",
					"protocolProfileBehavior": {
						"disableBodyPruning": true
					},
					"request": {
						"method": "GET",
						"header": [],
						"body": {
							"mode": "raw",
							"raw": "{\r\n    \"tenant_id\": {{tenant_id}}\r\n    }",
							"options": {
								"raw": {
									"language": "json"
								}
							}
						},
						"url": "{{host}}/ingestor/v1/zipper/newfiles"
					},
					"response": []
				},
				{
					"name": "uploader / state",
					"id": "dc7d0df3-3bc3-4b20-8c21-b5f9a428539f",
					"protocolProfileBehavior": {
						"disableBodyPruning": true
					},
					"request": {
						"method": "PATCH",
						"header": [],
						"body": {
							"mode": "raw",
							"raw": "{\r\n    \"tenant_id\": {{tenant_id}},\r\n    \"file_id\": {{file_id}},\r\n    \"state\" : {{state}}\r\n    }",
							"options": {
								"raw": {
									"language": "json"
								}
							}
						},
						"url": "{{host}}/ingestor/v1/uploader/state"
					},
					"response": []
				},
				{
					"name": "uploader/ newfiles",
					"id": "04b53216-01d6-46e7-a7cd-20a3093b9a71",
					"protocolProfileBehavior": {
						"disableBodyPruning": true
					},
					"request": {
						"method": "GET",
						"header": [],
						"body": {
							"mode": "raw",
							"raw": "{\r\n    \"tenant_id\": {{tenant_id}}\r\n    }",
							"options": {
								"raw": {
									"language": "json"
								}
							}
						},
						"url": "{{host}}/ingestor/v1/uploader/newfiles"
					},
					"response": []
				},
				{
					"name": "stats / job",
					"id": "10278d18-0ea7-4d4a-93b3-abfb5a9e130d",
					"protocolProfileBehavior": {
						"disableBodyPruning": true
					},
					"request": {
						"method": "GET",
						"header": [],
						"body": {
							"mode": "raw",
							"raw": "{\r\n    \"tenant_id\": {{tenant_id}},\r\n    \"job_id\": {{job_id}}\r\n    }",
							"options": {
								"raw": {
									"language": "json"
								}
							}
						},
						"url": "{{host}}/ingestor/v1/stats/job"
					},
					"response": []
				}
			],
			"id": "912034cf-223c-4d05-bc0f-c175a56dd7df"
		}
	],
	"event": [
		{
			"listen": "prerequest",
			"script": {
				"id": "932b7aec-ef63-47fd-b4b1-24b3e5e0d63f",
				"type": "text/javascript",
				"exec": [
					""
				]
			}
		},
		{
			"listen": "test",
			"script": {
				"id": "2a41112c-b9ab-40f6-a55a-913412987325",
				"type": "text/javascript",
				"packages": {},
				"exec": [
					""
				]
			}
		}
	],
	"variable": [
		{
			"key": "host",
			"value": "127.0.0.1:9991",
			"type": "string"
		},
		{
			"key": "tenant_id",
			"value": "\"my_tenant_id\"",
			"type": "string"
		},
		{
			"key": "job_id",
			"value": "\"28aacf24-ad8a-4635-b831-fbe43ccc08c9\"",
			"type": "string"
		},
		{
			"key": "file_id",
			"value": "\"027bc359-b316-4218-9a53-4f41c1102746\"",
			"type": "string"
		},
		{
			"key": "state",
			"value": "\"ERROR\"",
			"type": "string"
		}
	]
}