{
	"info": {
		"_postman_id": "1bf837f7-c8f3-487f-81cf-65612e536356",
		"name": "API Layer",
		"schema": "https://schema.getpostman.com/json/collection/v2.1.0/collection.json",
		"_uid": "27583941-1bf837f7-c8f3-487f-81cf-65612e536356"
	},
	"item": [
		{
			"name": "v1",
			"item": [
				{
					"name": "new",
					"id": "a2bf10f1-db51-4e12-b5a0-b7ced4254a9d",
					"protocolProfileBehavior": {
						"disableBodyPruning": true
					},
					"request": {
						"method": "POST",
						"header": [],
						"body": {
							"mode": "raw",
							"raw": "{\r\n    \"tenant_id\": {{tenant_id}},\r\n    \"audios\": [\r\n\t    {\r\n\t\t    \"source\": \"/mnt/test/source/01_123456789.wav\",\r\n\t\t    \"duration\": 60,\r\n\t\t    \"metadata\": \"{\\\"my_metadata_01\\\"}\"\r\n\t},\r\n\t{\r\n\t\t\"source\": \"/mnt/test/source/02_123456789.wav\",\r\n\t\t\"duration\": 98,\r\n\t\t\"metadata\": \"{\\\"my_metadata_02\\\"}\"\r\n\t}\r\n    ]\r\n}",
							"options": {
								"raw": {
									"language": "json"
								}
							}
						},
						"url": {
							"raw": "{{host}}/ingestor/v1/new",
							"host": [
								"{{host}}"
							],
							"path": [
								"ingestor",
								"v1",
								"new"
							]
						}
					},
					"response": []
				},
				{
					"name": "new",
					"id": "043b6fd4-0e2b-444b-917d-e9a8f87ce600",
					"protocolProfileBehavior": {
						"disableBodyPruning": true
					},
					"request": {
						"method": "PATCH",
						"header": [],
						"body": {
							"mode": "raw",
							"raw": "{\r\n    \"tenant_id\": {{tenant_id}},\r\n    \"job_id\": {{job_id}},\r\n    \"audios\": [\r\n\t    {\r\n\t\t    \"source\": \"/mnt/test/source/01_123456789.wav\",\r\n\t\t    \"duration\": 60,\r\n\t\t    \"metadata\": \"{\\\"my_metadata_01\\\"}\"\r\n\t},\r\n\t{\r\n\t\t\"source\": \"/mnt/test/source/02_123456789.wav\",\r\n\t\t\"duration\": 98,\r\n\t\t\"metadata\": \"{\\\"my_metadata_02\\\"}\"\r\n\t}\r\n    ]\r\n}",
							"options": {
								"raw": {
									"language": "json"
								}
							}
						},
						"url": {
							"raw": "{{host}}/ingestor/v1/new",
							"host": [
								"{{host}}"
							],
							"path": [
								"ingestor",
								"v1",
								"new"
							]
						}
					},
					"response": []
				},
				{
					"name": "job",
					"id": "a2888673-49a8-481b-8e14-08f610d3c5d3",
					"protocolProfileBehavior": {
						"disableBodyPruning": true
					},
					"request": {
						"method": "GET",
						"header": [],
						"body": {
							"mode": "raw",
							"raw": "{\r\n    \"tenant_id\": {{tenant_id}},\r\n    \"limit\": 3\r\n    }",
							"options": {
								"raw": {
									"language": "json"
								}
							}
						},
						"url": {
							"raw": "{{host}}/ingestor/v1/job",
							"host": [
								"{{host}}"
							],
							"path": [
								"ingestor",
								"v1",
								"job"
							]
						}
					},
					"response": []
				},
				{
					"name": "metadata",
					"id": "33daa40a-9024-462c-b40f-327531f005f3",
					"protocolProfileBehavior": {
						"disableBodyPruning": true
					},
					"request": {
						"method": "GET",
						"header": [],
						"body": {
							"mode": "raw",
							"raw": "{\r\n    \"tenant_id\": {{tenant_id}},\r\n    \"file_id\": {{file_id}}\r\n    }",
							"options": {
								"raw": {
									"language": "json"
								}
							}
						},
						"url": {
							"raw": "{{host}}/ingestor/v1/metadata",
							"host": [
								"{{host}}"
							],
							"path": [
								"ingestor",
								"v1",
								"metadata"
							]
						}
					},
					"response": []
				},
				{
					"name": "input / state",
					"id": "2e0c8ebe-811d-4ec6-afe2-12646b763735",
					"protocolProfileBehavior": {
						"disableBodyPruning": true
					},
					"request": {
						"method": "PATCH",
						"header": [],
						"body": {
							"mode": "raw",
							"raw": "{\r\n    \"tenant_id\": {{tenant_id}},\r\n    \"file_id\": {{file_id}},\r\n    \"state\" : {{state}}\r\n    }",
							"options": {
								"raw": {
									"language": "json"
								}
							}
						},
						"url": {
							"raw": "{{host}}/ingestor/v1/input/state",
							"host": [
								"{{host}}"
							],
							"path": [
								"ingestor",
								"v1",
								"input",
								"state"
							]
						}
					},
					"response": []
				},
				{
					"name": "converter / state",
					"id": "3f672850-a212-4e2e-9ddd-4c7a8fe7c84e",
					"protocolProfileBehavior": {
						"disableBodyPruning": true
					},
					"request": {
						"method": "PATCH",
						"header": [],
						"body": {
							"mode": "raw",
							"raw": "{\r\n    \"tenant_id\": {{tenant_id}},\r\n    \"file_id\": {{file_id}},\r\n    \"state\" : {{state}}\r\n    }",
							"options": {
								"raw": {
									"language": "json"
								}
							}
						},
						"url": {
							"raw": "{{host}}/ingestor/v1/converter/state",
							"host": [
								"{{host}}"
							],
							"path": [
								"ingestor",
								"v1",
								"converter",
								"state"
							]
						}
					},
					"response": []
				},
				{
					"name": "zipper / state",
					"id": "601b3b72-558b-4e85-84bc-2be13ecbd65f",
					"protocolProfileBehavior": {
						"disableBodyPruning": true
					},
					"request": {
						"method": "PATCH",
						"header": [],
						"body": {
							"mode": "raw",
							"raw": "{\r\n    \"tenant_id\": {{tenant_id}},\r\n    \"file_id\": {{file_id}},\r\n    \"state\" : {{state}}\r\n    }",
							"options": {
								"raw": {
									"language": "json"
								}
							}
						},
						"url": {
							"raw": "{{host}}/ingestor/v1/zipper/state",
							"host": [
								"{{host}}"
							],
							"path": [
								"ingestor",
								"v1",
								"zipper",
								"state"
							]
						}
					},
					"response": []
				},
				{
					"name": "uploader / state",
					"id": "6cfd8e42-bdb6-406e-b7ee-dfdb70b2db6c",
					"protocolProfileBehavior": {
						"disableBodyPruning": true
					},
					"request": {
						"method": "PATCH",
						"header": [],
						"body": {
							"mode": "raw",
							"raw": "{\r\n    \"tenant_id\": {{tenant_id}},\r\n    \"file_id\": {{file_id}},\r\n    \"state\" : {{state}}\r\n    }",
							"options": {
								"raw": {
									"language": "json"
								}
							}
						},
						"url": {
							"raw": "{{host}}/ingestor/v1/uploader/state",
							"host": [
								"{{host}}"
							],
							"path": [
								"ingestor",
								"v1",
								"uploader",
								"state"
							]
						}
					},
					"response": []
				},
				{
					"name": "stats / job",
					"id": "49cf12a7-42c2-469c-9ad8-19d6b549fe11",
					"protocolProfileBehavior": {
						"disableBodyPruning": true
					},
					"request": {
						"method": "GET",
						"header": [],
						"body": {
							"mode": "raw",
							"raw": "{\r\n    \"tenant_id\": {{tenant_id}},\r\n    \"job_id\": {{job_id}}\r\n    }",
							"options": {
								"raw": {
									"language": "json"
								}
							}
						},
						"url": {
							"raw": "{{host}}/ingestor/v1/stats/job",
							"host": [
								"{{host}}"
							],
							"path": [
								"ingestor",
								"v1",
								"stats",
								"job"
							]
						}
					},
					"response": []
				}
			],
			"id": "f9aea322-dc75-45dd-a2a9-01fdba6db853"
		}
	],
	"event": [
		{
			"listen": "prerequest",
			"script": {
				"id": "4fccb277-e4b0-4d69-a528-d155cb558d4b",
				"type": "text/javascript",
				"exec": [
					""
				]
			}
		},
		{
			"listen": "test",
			"script": {
				"id": "88e7635f-7b3c-4fc9-9224-3edf4f64a7ea",
				"type": "text/javascript",
				"exec": [
					""
				]
			}
		}
	],
	"variable": [
		{
			"id": "6003d4af-feec-4b57-bb51-9c92e61e2800",
			"key": "host",
			"value": "127.0.0.1:8081",
			"type": "string"
		},
		{
			"id": "6ab4258f-5f21-4680-baa7-a996ab6a5e8e",
			"key": "tenant_id",
			"value": "\"my_tenant_id\"",
			"type": "string"
		},
		{
			"id": "b0ef8ac3-21df-4b7a-af2d-4eb01f98b005",
			"key": "job_id",
			"value": "\"28aacf24-ad8a-4635-b831-fbe43ccc08c9\"",
			"type": "string"
		},
		{
			"id": "dde35e0e-b240-4e9b-8346-a8bafbf222ab",
			"key": "file_id",
			"value": "\"027bc359-b316-4218-9a53-4f41c1102746\"",
			"type": "string"
		},
		{
			"id": "40898d4b-ea3c-4a81-a1e0-d5019ef96b44",
			"key": "state",
			"value": "\"ERROR\"",
			"type": "string"
		}
	]
}